Rijad,aaa,aaa
Ahmed,Obruc,Orlic
nesto,nevalidnobilonekad,haha
Berina,Beba,Moja
Godina,MAAAAAAAAa,varaosime
Rijaaefsdgzjad,aadfs,sdgdfg
aaaaaaahmed,meee,peglaaaa
godina,nova,svinestozele
nedim,bugojno,sinus
dajana,breza,nez
1734.3267342011814/1735.3267342011814,Vje+1545741872438,Spi+1545741872438
1761.247843390231/1762.247843390231,Vje+1545742269773,Spi+1545742269773
1260.7194475975748/1261.7194475975748,Vje+1545742385258,Spi+1545742385258
1244.191992819159/1245.191992819159,Vje+1545742411445,Spi+1545742411445
878.0765615215232/879.0765615215232,Vje+1545742651504,Spi+1545742651504
77.81364673184095/78.81364673184095,Vje+1545743364675,Spi+1545743364675
2039.0172693680136/2040.0172693680136,Vje+1545743508204,Spi+1545743508204
1512.332315045774/1513.332315045774,Vje+1545745191230,Spi+1545745191230
287.3261989278776/288.3261989278776,Vje+1545830622217,Spi+1545830622217
